"ID","CID","Molécula","Fuente","Nombre de referencia","SMILES de referencia","Nombre Hydrocarbon Lab","Fórmula esperada","Fórmula Hydrocarbon Lab","Round-trip SMILES","Resultado","Tipo de error","Observaciones"
"HC-001","297","metano","https://pubchem.ncbi.nlm.nih.gov/rest/pug/compound/smiles/C/property/IUPACName,MolecularFormula,CanonicalSMILES,IsomericSMILES/JSON","methane","C","metano","CH4","C₁H₄","C","PASS","","Nombre sin cambios; clasificación nomenclatural del arbitraje congelado, con estructura e invariantes actuales correctos."
"HC-002","6324","etano","https://pubchem.ncbi.nlm.nih.gov/rest/pug/compound/smiles/CC/property/IUPACName,MolecularFormula,CanonicalSMILES,IsomericSMILES/JSON","ethane","CC","etano","C2H6","C₂H₆","CC","PASS-STYLE","","Nombre sin cambios; clasificación nomenclatural del arbitraje congelado, con estructura e invariantes actuales correctos."
"HC-003","6334","propano","https://pubchem.ncbi.nlm.nih.gov/rest/pug/compound/smiles/CCC/property/IUPACName,MolecularFormula,CanonicalSMILES,IsomericSMILES/JSON","propane","CCC","propano","C3H8","C₃H₈","CCC","PASS-STYLE","","Nombre sin cambios; clasificación nomenclatural del arbitraje congelado, con estructura e invariantes actuales correctos."
"HC-004","7843","butano","https://pubchem.ncbi.nlm.nih.gov/rest/pug/compound/smiles/CCCC/property/IUPACName,MolecularFormula,CanonicalSMILES,IsomericSMILES/JSON","butane","CCCC","butano","C4H10","C₄H₁₀","CCCC","PASS-STYLE","","Nombre sin cambios; clasificación nomenclatural del arbitraje congelado, con estructura e invariantes actuales correctos."
"HC-005","8003","pentano","https://pubchem.ncbi.nlm.nih.gov/rest/pug/compound/smiles/CCCCC/property/IUPACName,MolecularFormula,CanonicalSMILES,IsomericSMILES/JSON","pentane","CCCCC","pentano","C5H12","C₅H₁₂","CCCCC","PASS-STYLE","","Nombre sin cambios; clasificación nomenclatural del arbitraje congelado, con estructura e invariantes actuales correctos."
"HC-006","8058","hexano","https://pubchem.ncbi.nlm.nih.gov/rest/pug/compound/smiles/CCCCCC/property/IUPACName,MolecularFormula,CanonicalSMILES,IsomericSMILES/JSON","hexane","CCCCCC","hexano","C6H14","C₆H₁₄","CCCCCC","PASS-STYLE","","Nombre sin cambios; clasificación nomenclatural del arbitraje congelado, con estructura e invariantes actuales correctos."
"HC-007","6360","2-metilpropano","https://pubchem.ncbi.nlm.nih.gov/rest/pug/compound/smiles/CC(C)C/property/IUPACName,MolecularFormula,CanonicalSMILES,IsomericSMILES/JSON","2-methylpropane","CC(C)C","2-metilpropano","C4H10","C₄H₁₀","CC(C)C","PASS-STYLE","","Nombre sin cambios; clasificación nomenclatural del arbitraje congelado, con estructura e invariantes actuales correctos."
"HC-008","6556","2-metilbutano","https://pubchem.ncbi.nlm.nih.gov/rest/pug/compound/smiles/CC(C)CC/property/IUPACName,MolecularFormula,CanonicalSMILES,IsomericSMILES/JSON","2-methylbutane","CCC(C)C","2-metilbutano","C5H12","C₅H₁₂","CCC(C)C","PASS-STYLE","","Nombre sin cambios; clasificación nomenclatural del arbitraje congelado, con estructura e invariantes actuales correctos."
"HC-009","7892","2-metilpentano","https://pubchem.ncbi.nlm.nih.gov/rest/pug/compound/smiles/CC(C)CCC/property/IUPACName,MolecularFormula,CanonicalSMILES,IsomericSMILES/JSON","2-methylpentane","CCCC(C)C","2-metilpentano","C6H14","C₆H₁₄","CCCC(C)C","PASS-STYLE","","Nombre sin cambios; clasificación nomenclatural del arbitraje congelado, con estructura e invariantes actuales correctos."
"HC-010","7282","3-metilpentano","https://pubchem.ncbi.nlm.nih.gov/rest/pug/compound/smiles/CCC(C)CC/property/IUPACName,MolecularFormula,CanonicalSMILES,IsomericSMILES/JSON","3-methylpentane","CCC(C)CC","3-metilpentano","C6H14","C₆H₁₄","CCC(C)CC","PASS-STYLE","","Nombre sin cambios; clasificación nomenclatural del arbitraje congelado, con estructura e invariantes actuales correctos."
"HC-011","6403","2,2-dimetilbutano","https://pubchem.ncbi.nlm.nih.gov/rest/pug/compound/smiles/CC(C)(C)CC/property/IUPACName,MolecularFormula,CanonicalSMILES,IsomericSMILES/JSON","2,2-dimethylbutane","CCC(C)(C)C","2,2-dimetilbutano","C6H14","C₆H₁₄","CCC(C)(C)C","PASS-STYLE","","Nombre sin cambios; clasificación nomenclatural del arbitraje congelado, con estructura e invariantes actuales correctos."
"HC-012","6589","2,3-dimetilbutano","https://pubchem.ncbi.nlm.nih.gov/rest/pug/compound/smiles/CC(C)C(C)C/property/IUPACName,MolecularFormula,CanonicalSMILES,IsomericSMILES/JSON","2,3-dimethylbutane","CC(C)C(C)C","2,3-dimetilbutano","C6H14","C₆H₁₄","CC(C)C(C)C","PASS-STYLE","","Nombre sin cambios; clasificación nomenclatural del arbitraje congelado, con estructura e invariantes actuales correctos."
"HC-013","10044","2,2,3-trimetilbutano","https://pubchem.ncbi.nlm.nih.gov/rest/pug/compound/smiles/CC(C)(C)C(C)C/property/IUPACName,MolecularFormula,CanonicalSMILES,IsomericSMILES/JSON","2,2,3-trimethylbutane","CC(C)C(C)(C)C","2,2,3-trimetilbutano","C7H16","C₇H₁₆","CC(C)C(C)(C)C","PASS-STYLE","","Nombre sin cambios; clasificación nomenclatural del arbitraje congelado, con estructura e invariantes actuales correctos."
"HC-014","11863","3-etil-2-metilpentano","https://pubchem.ncbi.nlm.nih.gov/rest/pug/compound/smiles/CC(C)C(CC)CC/property/IUPACName,MolecularFormula,CanonicalSMILES,IsomericSMILES/JSON","3-ethyl-2-methylpentane","CCC(CC)C(C)C","3-etil-2-metilpentano","C8H18","C₈H₁₈","CCC(CC)C(C)C","PASS-STYLE","","Nombre sin cambios; clasificación nomenclatural del arbitraje congelado, con estructura e invariantes actuales correctos."
"HC-015","6325","eteno","https://pubchem.ncbi.nlm.nih.gov/rest/pug/compound/smiles/C%3DC/property/IUPACName,MolecularFormula,CanonicalSMILES,IsomericSMILES/JSON","ethene","C=C","eteno","C2H4","C₂H₄","C=C","PASS-STYLE","","Nombre sin cambios; clasificación nomenclatural del arbitraje congelado, con estructura e invariantes actuales correctos."
"HC-016","8252","propeno","https://pubchem.ncbi.nlm.nih.gov/rest/pug/compound/smiles/C%3DCC/property/IUPACName,MolecularFormula,CanonicalSMILES,IsomericSMILES/JSON","prop-1-ene","CC=C","prop-1-eno","C3H6","C₃H₆","CC=C","PASS-STYLE","","Nombre sin cambios; clasificación nomenclatural del arbitraje congelado, con estructura e invariantes actuales correctos."
"HC-017","7844","but-1-eno","https://pubchem.ncbi.nlm.nih.gov/rest/pug/compound/smiles/C%3DCCC/property/IUPACName,MolecularFormula,CanonicalSMILES,IsomericSMILES/JSON","but-1-ene","CCC=C","but-1-eno","C4H8","C₄H₈","CCC=C","PASS-STYLE","","Nombre sin cambios; clasificación nomenclatural del arbitraje congelado, con estructura e invariantes actuales correctos."
"HC-018","12220","but-2-eno","https://pubchem.ncbi.nlm.nih.gov/rest/pug/compound/smiles/CC%3DCC/property/IUPACName,MolecularFormula,CanonicalSMILES,IsomericSMILES/JSON","but-2-ene","CC=CC","but-2-eno","C4H8","C₄H₈","CC=CC","PASS-STYLE","","Estructura corregida: fórmulas, invariantes e IDCode estereoquímico coinciden; nombre en español equivalente a la referencia."
"HC-019","8255","2-metilprop-1-eno","https://pubchem.ncbi.nlm.nih.gov/rest/pug/compound/smiles/C%3DC(C)C/property/IUPACName,MolecularFormula,CanonicalSMILES,IsomericSMILES/JSON","2-methylprop-1-ene","CC(=C)C","2-metilprop-1-eno","C4H8","C₄H₈","CC(C)=C","PASS-STYLE","","Nombre sin cambios; clasificación nomenclatural del arbitraje congelado, con estructura e invariantes actuales correctos."
"HC-020","12014","3-metilpent-2-eno","https://pubchem.ncbi.nlm.nih.gov/rest/pug/compound/smiles/CC%3DC(C)CC/property/IUPACName,MolecularFormula,CanonicalSMILES,IsomericSMILES/JSON","3-methylpent-2-ene","CCC(=CC)C","3-metilpent-2-eno","C6H12","C₆H₁₂","CCC(C)=CC","PASS-STYLE","","Estructura corregida: fórmulas, invariantes e IDCode estereoquímico coinciden; nombre en español equivalente a la referencia."
"HC-021","11602","hexa-1,3-dieno","https://pubchem.ncbi.nlm.nih.gov/rest/pug/compound/smiles/C%3DCC%3DCCC/property/IUPACName,MolecularFormula,CanonicalSMILES,IsomericSMILES/JSON","hexa-1,3-diene","CCC=CC=C","hexa-1,3-dieno","C6H10","C₆H₁₀","CCC=CC=C","PASS-STYLE","","Estructura corregida: fórmulas, invariantes e IDCode estereoquímico coinciden; nombre en español equivalente a la referencia."
"HC-022","6326","etino","https://pubchem.ncbi.nlm.nih.gov/rest/pug/compound/smiles/C%23C/property/IUPACName,MolecularFormula,CanonicalSMILES,IsomericSMILES/JSON","acetylene","C#C","etino","C2H2","C₂H₂","C#C","PASS-ALTERNATIVE","","Nombre sin cambios; clasificación nomenclatural del arbitraje congelado, con estructura e invariantes actuales correctos."
"HC-023","6335","propino","https://pubchem.ncbi.nlm.nih.gov/rest/pug/compound/smiles/C%23CC/property/IUPACName,MolecularFormula,CanonicalSMILES,IsomericSMILES/JSON","prop-1-yne","CC#C","prop-1-ino","C3H4","C₃H₄","CC#C","PASS-STYLE","","Nombre sin cambios; clasificación nomenclatural del arbitraje congelado, con estructura e invariantes actuales correctos."
"HC-024","7846","but-1-ino","https://pubchem.ncbi.nlm.nih.gov/rest/pug/compound/smiles/C%23CCC/property/IUPACName,MolecularFormula,CanonicalSMILES,IsomericSMILES/JSON","but-1-yne","CCC#C","but-1-ino","C4H6","C₄H₆","CCC#C","PASS-STYLE","","Nombre sin cambios; clasificación nomenclatural del arbitraje congelado, con estructura e invariantes actuales correctos."
"HC-025","10419","but-2-ino","https://pubchem.ncbi.nlm.nih.gov/rest/pug/compound/smiles/CC%23CC/property/IUPACName,MolecularFormula,CanonicalSMILES,IsomericSMILES/JSON","but-2-yne","CC#CC","but-2-ino","C4H6","C₄H₆","CC#CC","PASS-STYLE","","Nombre sin cambios; clasificación nomenclatural del arbitraje congelado, con estructura e invariantes actuales correctos."
"HC-026","136704","3-metilpent-1-ino","https://pubchem.ncbi.nlm.nih.gov/rest/pug/compound/smiles/C%23CC(C)CC/property/IUPACName,MolecularFormula,CanonicalSMILES,IsomericSMILES/JSON","3-methylpent-1-yne","CCC(C)C#C","3-metilpent-1-ino","C6H10","C₆H₁₀","CCC(C)C#C","PASS-STYLE","","Nombre sin cambios; clasificación nomenclatural del arbitraje congelado, con estructura e invariantes actuales correctos."
"HC-027","138254","hexa-1,3-diino","https://pubchem.ncbi.nlm.nih.gov/rest/pug/compound/smiles/C%23CC%23CCC/property/IUPACName,MolecularFormula,CanonicalSMILES,IsomericSMILES/JSON","hexa-1,3-diyne","CCC#CC#C","hexa-1,3-diino","C6H6","C₆H₆","CCC#CC#C","PASS-STYLE","","Nombre sin cambios; clasificación nomenclatural del arbitraje congelado, con estructura e invariantes actuales correctos."
"HC-028","139568","hex-1-en-3-ino","https://pubchem.ncbi.nlm.nih.gov/rest/pug/compound/smiles/C%3DCC%23CCC/property/IUPACName,MolecularFormula,CanonicalSMILES,IsomericSMILES/JSON","hex-1-en-3-yne","CCC#CC=C","hex-1-en-3-ino","C6H8","C₆H₈","CCC#CC=C","PASS-STYLE","","Nombre sin cambios; clasificación nomenclatural del arbitraje congelado, con estructura e invariantes actuales correctos."
"HC-029","53763274","hept-1-en-5-ino","https://pubchem.ncbi.nlm.nih.gov/rest/pug/compound/smiles/C%3DCCCC%23CC/property/IUPACName,MolecularFormula,CanonicalSMILES,IsomericSMILES/JSON","hept-1-en-5-yne","CC#CCCC=C","hept-1-en-5-ino","C7H10","C₇H₁₀","CC#CCCC=C","PASS-STYLE","","Nombre sin cambios; clasificación nomenclatural del arbitraje congelado, con estructura e invariantes actuales correctos."
"HC-030","137572","hepta-1,3-dieno","https://pubchem.ncbi.nlm.nih.gov/rest/pug/compound/smiles/C%3DCC%3DCCCC/property/IUPACName,MolecularFormula,CanonicalSMILES,IsomericSMILES/JSON","hepta-1,3-diene","CCCC=CC=C","hepta-1,3-dieno","C7H12","C₇H₁₂","CCCC=CC=C","PASS-STYLE","","Estructura corregida: fórmulas, invariantes e IDCode estereoquímico coinciden; nombre en español equivalente a la referencia."
"HC-031","182132","octa-1,3,5-trieno","https://pubchem.ncbi.nlm.nih.gov/rest/pug/compound/smiles/C%3DCC%3DCC%3DCCC/property/IUPACName,MolecularFormula,CanonicalSMILES,IsomericSMILES/JSON","octa-1,3,5-triene","CCC=CC=CC=C","octa-1,3,5-trieno","C8H12","C₈H₁₂","CCC=CC=CC=C","PASS-STYLE","","Estructura corregida: fórmulas, invariantes e IDCode estereoquímico coinciden; nombre en español equivalente a la referencia."
"HC-032","11423559","hepta-1,3-diino","https://pubchem.ncbi.nlm.nih.gov/rest/pug/compound/smiles/C%23CC%23CCCC/property/IUPACName,MolecularFormula,CanonicalSMILES,IsomericSMILES/JSON","hepta-1,3-diyne","CCCC#CC#C","hepta-1,3-diino","C7H8","C₇H₈","CCCC#CC#C","PASS-STYLE","","Nombre sin cambios; clasificación nomenclatural del arbitraje congelado, con estructura e invariantes actuales correctos."
"HC-033","6427770","octa-1,3-diino","https://pubchem.ncbi.nlm.nih.gov/rest/pug/compound/smiles/C%23CC%23CCCCC/property/IUPACName,MolecularFormula,CanonicalSMILES,IsomericSMILES/JSON","octa-1,3-diyne","CCCCC#CC#C","octa-1,3-diino","C8H10","C₈H₁₀","CCCCC#CC#C","PASS-STYLE","","Nombre sin cambios; clasificación nomenclatural del arbitraje congelado, con estructura e invariantes actuales correctos."
"HC-034","6351","ciclopropano","https://pubchem.ncbi.nlm.nih.gov/rest/pug/compound/smiles/C1CC1/property/IUPACName,MolecularFormula,CanonicalSMILES,IsomericSMILES/JSON","cyclopropane","C1CC1","ciclopropano","C3H6","C₃H₆","C1CC1","PASS","","Nombre sin cambios; clasificación nomenclatural del arbitraje congelado, con estructura e invariantes actuales correctos."
"HC-035","9250","ciclobutano","https://pubchem.ncbi.nlm.nih.gov/rest/pug/compound/smiles/C1CCC1/property/IUPACName,MolecularFormula,CanonicalSMILES,IsomericSMILES/JSON","cyclobutane","C1CCC1","ciclobutano","C4H8","C₄H₈","C1CCC1","PASS-STYLE","","Nombre sin cambios; clasificación nomenclatural del arbitraje congelado, con estructura e invariantes actuales correctos."
"HC-036","9253","ciclopentano","https://pubchem.ncbi.nlm.nih.gov/rest/pug/compound/smiles/C1CCCC1/property/IUPACName,MolecularFormula,CanonicalSMILES,IsomericSMILES/JSON","cyclopentane","C1CCCC1","ciclopentano","C5H10","C₅H₁₀","C1CCCC1","PASS","","Nombre sin cambios; clasificación nomenclatural del arbitraje congelado, con estructura e invariantes actuales correctos."
"HC-037","8078","ciclohexano","https://pubchem.ncbi.nlm.nih.gov/rest/pug/compound/smiles/C1CCCCC1/property/IUPACName,MolecularFormula,CanonicalSMILES,IsomericSMILES/JSON","cyclohexane","C1CCCCC1","ciclohexano","C6H12","C₆H₁₂","C1CCCCC1","PASS","","Nombre sin cambios; clasificación nomenclatural del arbitraje congelado, con estructura e invariantes actuales correctos."
"HC-038","7962","metilciclohexano","https://pubchem.ncbi.nlm.nih.gov/rest/pug/compound/smiles/CC1CCCCC1/property/IUPACName,MolecularFormula,CanonicalSMILES,IsomericSMILES/JSON","methylcyclohexane","CC1CCCCC1","metilciclohexano","C7H14","C₇H₁₄","CC1CCCCC1","PASS-STYLE","","Nombre sin cambios; clasificación nomenclatural del arbitraje congelado, con estructura e invariantes actuales correctos."
"HC-039","11416","1,2-dimetilciclohexano","https://pubchem.ncbi.nlm.nih.gov/rest/pug/compound/smiles/CC1CCCCC1C/property/IUPACName,MolecularFormula,CanonicalSMILES,IsomericSMILES/JSON","1,2-dimethylcyclohexane","CC1CCCCC1C","1,2-dimetilciclohexano","C8H16","C₈H₁₆","CC1C(C)CCCC1","PASS-STYLE","","Nombre sin cambios; clasificación nomenclatural del arbitraje congelado, con estructura e invariantes actuales correctos."
"HC-040","35412","1-etil-3-metilciclohexano","https://pubchem.ncbi.nlm.nih.gov/rest/pug/compound/smiles/CCC1CC(C)CCC1/property/IUPACName,MolecularFormula,CanonicalSMILES,IsomericSMILES/JSON","1-ethyl-3-methylcyclohexane","CCC1CCCC(C1)C","1-etil-3-metilciclohexano","C9H18","C₉H₁₈","CCC1CC(C)CCC1","PASS-STYLE","","Nombre sin cambios; clasificación nomenclatural del arbitraje congelado, con estructura e invariantes actuales correctos."
"HC-041","8882","ciclopenteno","https://pubchem.ncbi.nlm.nih.gov/rest/pug/compound/smiles/C1%3DCCCC1/property/IUPACName,MolecularFormula,CanonicalSMILES,IsomericSMILES/JSON","cyclopentene","C1CC=CC1","ciclopent-1-eno","C5H8","C₅H₈","C1CC=CC1","PASS-STYLE","","Nombre sin cambios; clasificación nomenclatural del arbitraje congelado, con estructura e invariantes actuales correctos."
"HC-042","8079","ciclohexeno","https://pubchem.ncbi.nlm.nih.gov/rest/pug/compound/smiles/C1%3DCCCCC1/property/IUPACName,MolecularFormula,CanonicalSMILES,IsomericSMILES/JSON","cyclohexene","C1CCC=CC1","ciclohex-1-eno","C6H10","C₆H₁₀","C1CC=CCC1","PASS-STYLE","","Nombre sin cambios; clasificación nomenclatural del arbitraje congelado, con estructura e invariantes actuales correctos."
"HC-043","11605","ciclohexa-1,3-dieno","https://pubchem.ncbi.nlm.nih.gov/rest/pug/compound/smiles/C1%3DCC%3DCCC1/property/IUPACName,MolecularFormula,CanonicalSMILES,IsomericSMILES/JSON","cyclohexa-1,3-diene","C1CC=CC=C1","ciclohexa-1,3-dieno","C6H8","C₆H₈","C1C=CC=CC1","PASS-STYLE","","Nombre sin cambios; clasificación nomenclatural del arbitraje congelado, con estructura e invariantes actuales correctos."
"HC-044","12746","1-metilciclopenteno","https://pubchem.ncbi.nlm.nih.gov/rest/pug/compound/smiles/CC1%3DCCCC1/property/IUPACName,MolecularFormula,CanonicalSMILES,IsomericSMILES/JSON","1-methylcyclopentene","CC1=CCCC1","1-metilciclopent-1-eno","C6H10","C₆H₁₀","CC1=CCCC1","PASS-STYLE","","Nombre corregido: localizador o descriptor E/Z explícito coincide con la identidad congelada; estructura e invariantes coinciden."
"HC-045","11573","3-metilciclohexeno","https://pubchem.ncbi.nlm.nih.gov/rest/pug/compound/smiles/C1%3DCC(C)CCC1/property/IUPACName,MolecularFormula,CanonicalSMILES,IsomericSMILES/JSON","3-methylcyclohexene","CC1CCCC=C1","3-metilciclohex-1-eno","C7H12","C₇H₁₂","CC1C=CCCC1","PASS-STYLE","","Nombre corregido: localizador o descriptor E/Z explícito coincide con la identidad congelada; estructura e invariantes coinciden."
"HC-046","241","benceno","https://pubchem.ncbi.nlm.nih.gov/rest/pug/compound/smiles/c1ccccc1/property/IUPACName,MolecularFormula,CanonicalSMILES,IsomericSMILES/JSON","benzene","C1=CC=CC=C1","benceno","C6H6","C₆H₆","c1ccccc1","PASS-STYLE","","Nombre sin cambios; clasificación nomenclatural del arbitraje congelado, con estructura e invariantes actuales correctos."
"HC-047","1140","tolueno","https://pubchem.ncbi.nlm.nih.gov/rest/pug/compound/smiles/Cc1ccccc1/property/IUPACName,MolecularFormula,CanonicalSMILES,IsomericSMILES/JSON","toluene","CC1=CC=CC=C1","metilbenceno","C7H8","C₇H₈","Cc1ccccc1","PASS-ALTERNATIVE","","Nombre sin cambios; clasificación nomenclatural del arbitraje congelado, con estructura e invariantes actuales correctos."
"HC-048","7500","etilbenceno","https://pubchem.ncbi.nlm.nih.gov/rest/pug/compound/smiles/CCc1ccccc1/property/IUPACName,MolecularFormula,CanonicalSMILES,IsomericSMILES/JSON","ethylbenzene","CCC1=CC=CC=C1","etilbenceno","C8H10","C₈H₁₀","CCc1ccccc1","PASS-STYLE","","Nombre sin cambios; clasificación nomenclatural del arbitraje congelado, con estructura e invariantes actuales correctos."
"HC-049","7237","1,2-dimetilbenceno","https://pubchem.ncbi.nlm.nih.gov/rest/pug/compound/smiles/Cc1ccccc1C/property/IUPACName,MolecularFormula,CanonicalSMILES,IsomericSMILES/JSON","1,2-xylene","CC1=CC=CC=C1C","1,2-dimetilbenceno","C8H10","C₈H₁₀","Cc1ccccc1C","PASS-ALTERNATIVE","","Nombre sin cambios; clasificación nomenclatural del arbitraje congelado, con estructura e invariantes actuales correctos."
"HC-050","7929","1,3-dimetilbenceno","https://pubchem.ncbi.nlm.nih.gov/rest/pug/compound/smiles/Cc1cccc(C)c1/property/IUPACName,MolecularFormula,CanonicalSMILES,IsomericSMILES/JSON","1,3-xylene","CC1=CC(=CC=C1)C","1,3-dimetilbenceno","C8H10","C₈H₁₀","Cc1cccc(C)c1","PASS-ALTERNATIVE","","Nombre sin cambios; clasificación nomenclatural del arbitraje congelado, con estructura e invariantes actuales correctos."
"HC-051","7809","1,4-dimetilbenceno","https://pubchem.ncbi.nlm.nih.gov/rest/pug/compound/smiles/Cc1ccc(C)cc1/property/IUPACName,MolecularFormula,CanonicalSMILES,IsomericSMILES/JSON","1,4-xylene","CC1=CC=C(C=C1)C","1,4-dimetilbenceno","C8H10","C₈H₁₀","Cc1ccc(C)cc1","PASS-ALTERNATIVE","","Nombre sin cambios; clasificación nomenclatural del arbitraje congelado, con estructura e invariantes actuales correctos."
"HC-052","12100","1-etil-3-metilbenceno","https://pubchem.ncbi.nlm.nih.gov/rest/pug/compound/smiles/CCc1cccc(C)c1/property/IUPACName,MolecularFormula,CanonicalSMILES,IsomericSMILES/JSON","1-ethyl-3-methylbenzene","CCC1=CC=CC(=C1)C","1-etil-3-metilbenceno","C9H12","C₉H₁₂","CCc1cccc(C)c1","PASS-STYLE","","Nombre sin cambios; clasificación nomenclatural del arbitraje congelado, con estructura e invariantes actuales correctos."
"HC-053","13403","1-etil-2,4-dimetilbenceno","https://pubchem.ncbi.nlm.nih.gov/rest/pug/compound/smiles/CCc1c(C)cc(C)cc1/property/IUPACName,MolecularFormula,CanonicalSMILES,IsomericSMILES/JSON","1-ethyl-2,4-dimethylbenzene","CCC1=C(C=C(C=C1)C)C","1-etil-2,4-dimetilbenceno","C10H14","C₁₀H₁₄","CCc1c(C)cc(C)cc1","PASS-STYLE","","Nombre sin cambios; clasificación nomenclatural del arbitraje congelado, con estructura e invariantes actuales correctos."
"HC-054","7668","propilbenceno","https://pubchem.ncbi.nlm.nih.gov/rest/pug/compound/smiles/CCCc1ccccc1/property/IUPACName,MolecularFormula,CanonicalSMILES,IsomericSMILES/JSON","propylbenzene","CCCC1=CC=CC=C1","propilbenceno","C9H12","C₉H₁₂","CCCc1ccccc1","PASS-STYLE","","Nombre sin cambios; clasificación nomenclatural del arbitraje congelado, con estructura e invariantes actuales correctos."
"HC-055","7406","isopropilbenceno","https://pubchem.ncbi.nlm.nih.gov/rest/pug/compound/smiles/CC(C)c1ccccc1/property/IUPACName,MolecularFormula,CanonicalSMILES,IsomericSMILES/JSON","cumene","CC(C)C1=CC=CC=C1","(1-metiletil)benceno","C9H12","C₉H₁₂","CC(C)c1ccccc1","PASS-ALTERNATIVE","","Nombre sin cambios; clasificación nomenclatural del arbitraje congelado, con estructura e invariantes actuales correctos."
"HC-056","887","metanol","https://pubchem.ncbi.nlm.nih.gov/rest/pug/compound/smiles/CO/property/IUPACName,MolecularFormula,CanonicalSMILES,IsomericSMILES/JSON","methanol","CO","metanol","CH4O","C₁H₄O","CO","PASS","","Nombre sin cambios; clasificación nomenclatural del arbitraje congelado, con estructura e invariantes actuales correctos."
"HC-057","702","etanol","https://pubchem.ncbi.nlm.nih.gov/rest/pug/compound/smiles/CCO/property/IUPACName,MolecularFormula,CanonicalSMILES,IsomericSMILES/JSON","ethanol","CCO","etan-1-ol","C2H6O","C₂H₆O","CCO","PASS-STYLE","","Nombre sin cambios; clasificación nomenclatural del arbitraje congelado, con estructura e invariantes actuales correctos."
"HC-058","1031","propan-1-ol","https://pubchem.ncbi.nlm.nih.gov/rest/pug/compound/smiles/CCCO/property/IUPACName,MolecularFormula,CanonicalSMILES,IsomericSMILES/JSON","propan-1-ol","CCCO","propan-1-ol","C3H8O","C₃H₈O","CCCO","PASS","","Nombre sin cambios; clasificación nomenclatural del arbitraje congelado, con estructura e invariantes actuales correctos."
"HC-059","3776","propan-2-ol","https://pubchem.ncbi.nlm.nih.gov/rest/pug/compound/smiles/CC(O)C/property/IUPACName,MolecularFormula,CanonicalSMILES,IsomericSMILES/JSON","propan-2-ol","CC(C)O","propan-2-ol","C3H8O","C₃H₈O","CC(C)O","PASS","","Nombre sin cambios; clasificación nomenclatural del arbitraje congelado, con estructura e invariantes actuales correctos."
"HC-060","6568","butan-2-ol","https://pubchem.ncbi.nlm.nih.gov/rest/pug/compound/smiles/CCC(O)C/property/IUPACName,MolecularFormula,CanonicalSMILES,IsomericSMILES/JSON","butan-2-ol","CCC(C)O","butan-2-ol","C4H10O","C₄H₁₀O","CCC(C)O","PASS","","Nombre sin cambios; clasificación nomenclatural del arbitraje congelado, con estructura e invariantes actuales correctos."
"HC-061","6386","2-metilpropan-2-ol","https://pubchem.ncbi.nlm.nih.gov/rest/pug/compound/smiles/CC(C)(C)O/property/IUPACName,MolecularFormula,CanonicalSMILES,IsomericSMILES/JSON","2-methylpropan-2-ol","CC(C)(C)O","2-metilpropan-2-ol","C4H10O","C₄H₁₀O","CC(C)(C)O","PASS-STYLE","","Nombre sin cambios; clasificación nomenclatural del arbitraje congelado, con estructura e invariantes actuales correctos."
"HC-062","151085","pentano-1,3-diol","https://pubchem.ncbi.nlm.nih.gov/rest/pug/compound/smiles/OCCC(O)CC/property/IUPACName,MolecularFormula,CanonicalSMILES,IsomericSMILES/JSON","pentane-1,3-diol","CCC(CCO)O","pentan-1,3-diol","C5H12O2","C₅H₁₂O₂","CCC(CCO)O","PASS-STYLE","","Nombre sin cambios; clasificación nomenclatural del arbitraje congelado, con estructura e invariantes actuales correctos."
"HC-063","753","propano-1,2,3-triol","https://pubchem.ncbi.nlm.nih.gov/rest/pug/compound/smiles/OCC(O)CO/property/IUPACName,MolecularFormula,CanonicalSMILES,IsomericSMILES/JSON","propane-1,2,3-triol","C(C(CO)O)O","propan-1,2,3-triol","C3H8O3","C₃H₈O₃","OCC(CO)O","PASS-STYLE","","Nombre sin cambios; clasificación nomenclatural del arbitraje congelado, con estructura e invariantes actuales correctos."
"HC-064","712","metanal","https://pubchem.ncbi.nlm.nih.gov/rest/pug/compound/smiles/C%3DO/property/IUPACName,MolecularFormula,CanonicalSMILES,IsomericSMILES/JSON","formaldehyde","C=O","metanal","CH2O","C₁H₂O","C=O","PASS-ALTERNATIVE","","Nombre sin cambios; clasificación nomenclatural del arbitraje congelado, con estructura e invariantes actuales correctos."
"HC-065","177","etanal","https://pubchem.ncbi.nlm.nih.gov/rest/pug/compound/smiles/CC%3DO/property/IUPACName,MolecularFormula,CanonicalSMILES,IsomericSMILES/JSON","acetaldehyde","CC=O","etanal","C2H4O","C₂H₄O","CC=O","PASS-ALTERNATIVE","","Nombre sin cambios; clasificación nomenclatural del arbitraje congelado, con estructura e invariantes actuales correctos."
"HC-066","527","propanal","https://pubchem.ncbi.nlm.nih.gov/rest/pug/compound/smiles/CCC%3DO/property/IUPACName,MolecularFormula,CanonicalSMILES,IsomericSMILES/JSON","propanal","CCC=O","propanal","C3H6O","C₃H₆O","CCC=O","PASS","","Nombre sin cambios; clasificación nomenclatural del arbitraje congelado, con estructura e invariantes actuales correctos."
"HC-067","261","butanal","https://pubchem.ncbi.nlm.nih.gov/rest/pug/compound/smiles/CCCC%3DO/property/IUPACName,MolecularFormula,CanonicalSMILES,IsomericSMILES/JSON","butanal","CCCC=O","butanal","C4H8O","C₄H₈O","CCCC=O","PASS","","Nombre sin cambios; clasificación nomenclatural del arbitraje congelado, con estructura e invariantes actuales correctos."
"HC-068","6561","2-metilpropanal","https://pubchem.ncbi.nlm.nih.gov/rest/pug/compound/smiles/CC(C)C%3DO/property/IUPACName,MolecularFormula,CanonicalSMILES,IsomericSMILES/JSON","2-methylpropanal","CC(C)C=O","2-metilpropanal","C4H8O","C₄H₈O","CC(C)C=O","PASS-STYLE","","Nombre sin cambios; clasificación nomenclatural del arbitraje congelado, con estructura e invariantes actuales correctos."
"HC-069","11552","3-metilbutanal","https://pubchem.ncbi.nlm.nih.gov/rest/pug/compound/smiles/CC(C)CC%3DO/property/IUPACName,MolecularFormula,CanonicalSMILES,IsomericSMILES/JSON","3-methylbutanal","CC(C)CC=O","3-metilbutanal","C5H10O","C₅H₁₀O","CC(C)CC=O","PASS-STYLE","","Nombre sin cambios; clasificación nomenclatural del arbitraje congelado, con estructura e invariantes actuales correctos."
"HC-070","123114","ciclopropanocarbaldehído","https://pubchem.ncbi.nlm.nih.gov/rest/pug/compound/smiles/O%3DCC1CC1/property/IUPACName,MolecularFormula,CanonicalSMILES,IsomericSMILES/JSON","cyclopropanecarbaldehyde","C1CC1C=O","ciclopropanocarbaldehído","C4H6O","C₄H₆O","O=CC1CC1","PASS-STYLE","","Nombre sin cambios; clasificación nomenclatural del arbitraje congelado, con estructura e invariantes actuales correctos."
"HC-071","70106","ciclopentanocarbaldehído","https://pubchem.ncbi.nlm.nih.gov/rest/pug/compound/smiles/O%3DCC1CCCC1/property/IUPACName,MolecularFormula,CanonicalSMILES,IsomericSMILES/JSON","cyclopentanecarbaldehyde","C1CCC(C1)C=O","ciclopentanocarbaldehído","C6H10O","C₆H₁₀O","O=CC1CCCC1","PASS-STYLE","","Nombre sin cambios; clasificación nomenclatural del arbitraje congelado, con estructura e invariantes actuales correctos."
"HC-072","180","propanona","https://pubchem.ncbi.nlm.nih.gov/rest/pug/compound/smiles/CC(%3DO)C/property/IUPACName,MolecularFormula,CanonicalSMILES,IsomericSMILES/JSON","propan-2-one","CC(=O)C","propan-2-ona","C3H6O","C₃H₆O","CC(C)=O","PASS-STYLE","","Nombre sin cambios; clasificación nomenclatural del arbitraje congelado, con estructura e invariantes actuales correctos."
"HC-073","6569","butan-2-ona","https://pubchem.ncbi.nlm.nih.gov/rest/pug/compound/smiles/CCC(%3DO)C/property/IUPACName,MolecularFormula,CanonicalSMILES,IsomericSMILES/JSON","butan-2-one","CCC(=O)C","butan-2-ona","C4H8O","C₄H₈O","CCC(C)=O","PASS-STYLE","","Nombre sin cambios; clasificación nomenclatural del arbitraje congelado, con estructura e invariantes actuales correctos."
"HC-074","7895","pentan-2-ona","https://pubchem.ncbi.nlm.nih.gov/rest/pug/compound/smiles/CCCC(%3DO)C/property/IUPACName,MolecularFormula,CanonicalSMILES,IsomericSMILES/JSON","pentan-2-one","CCCC(=O)C","pentan-2-ona","C5H10O","C₅H₁₀O","CCCC(C)=O","PASS-STYLE","","Nombre sin cambios; clasificación nomenclatural del arbitraje congelado, con estructura e invariantes actuales correctos."
"HC-075","7288","pentan-3-ona","https://pubchem.ncbi.nlm.nih.gov/rest/pug/compound/smiles/CCC(%3DO)CC/property/IUPACName,MolecularFormula,CanonicalSMILES,IsomericSMILES/JSON","pentan-3-one","CCC(=O)CC","pentan-3-ona","C5H10O","C₅H₁₀O","CCC(CC)=O","PASS-STYLE","","Nombre sin cambios; clasificación nomenclatural del arbitraje congelado, con estructura e invariantes actuales correctos."
"HC-076","11251","3-metilbutan-2-ona","https://pubchem.ncbi.nlm.nih.gov/rest/pug/compound/smiles/CC(%3DO)C(C)C/property/IUPACName,MolecularFormula,CanonicalSMILES,IsomericSMILES/JSON","3-methylbutan-2-one","CC(C)C(=O)C","3-metilbutan-2-ona","C5H10O","C₅H₁₀O","CC(C)C(C)=O","PASS-STYLE","","Nombre sin cambios; clasificación nomenclatural del arbitraje congelado, con estructura e invariantes actuales correctos."
"HC-077","4686860","3-oxobutanal","https://pubchem.ncbi.nlm.nih.gov/rest/pug/compound/smiles/O%3DCCC(C)%3DO/property/IUPACName,MolecularFormula,CanonicalSMILES,IsomericSMILES/JSON","3-oxobutanal","CC(=O)CC=O","3-oxobutanal","C4H6O2","C₄H₆O₂","CC(CC=O)=O","PASS","","Nombre sin cambios; clasificación nomenclatural del arbitraje congelado, con estructura e invariantes actuales correctos."
"HC-078","11583","hexan-2-ona","https://pubchem.ncbi.nlm.nih.gov/rest/pug/compound/smiles/CCCCC(%3DO)C/property/IUPACName,MolecularFormula,CanonicalSMILES,IsomericSMILES/JSON","hexan-2-one","CCCCC(=O)C","hexan-2-ona","C6H12O","C₆H₁₂O","CCCCC(C)=O","PASS-STYLE","","Nombre sin cambios; clasificación nomenclatural del arbitraje congelado, con estructura e invariantes actuales correctos."
"HC-079","11509","hexan-3-ona","https://pubchem.ncbi.nlm.nih.gov/rest/pug/compound/smiles/CCC(%3DO)CCC/property/IUPACName,MolecularFormula,CanonicalSMILES,IsomericSMILES/JSON","hexan-3-one","CCCC(=O)CC","hexan-3-ona","C6H12O","C₆H₁₂O","CCCC(CC)=O","PASS-STYLE","","Nombre sin cambios; clasificación nomenclatural del arbitraje congelado, con estructura e invariantes actuales correctos."
"HC-080","284","ácido metanoico","https://pubchem.ncbi.nlm.nih.gov/rest/pug/compound/smiles/O%3DCO/property/IUPACName,MolecularFormula,CanonicalSMILES,IsomericSMILES/JSON","formic acid","C(=O)O","ácido metanoico","CH2O2","C₁H₂O₂","OC=O","PASS-ALTERNATIVE","","Nombre sin cambios; clasificación nomenclatural del arbitraje congelado, con estructura e invariantes actuales correctos."
"HC-081","176","ácido etanoico","https://pubchem.ncbi.nlm.nih.gov/rest/pug/compound/smiles/CC(%3DO)O/property/IUPACName,MolecularFormula,CanonicalSMILES,IsomericSMILES/JSON","acetic acid","CC(=O)O","ácido etanoico","C2H4O2","C₂H₄O₂","CC(O)=O","PASS-ALTERNATIVE","","Nombre sin cambios; clasificación nomenclatural del arbitraje congelado, con estructura e invariantes actuales correctos."
"HC-082","1032","ácido propanoico","https://pubchem.ncbi.nlm.nih.gov/rest/pug/compound/smiles/CCC(%3DO)O/property/IUPACName,MolecularFormula,CanonicalSMILES,IsomericSMILES/JSON","propanoic acid","CCC(=O)O","ácido propanoico","C3H6O2","C₃H₆O₂","CCC(O)=O","PASS-STYLE","","Nombre sin cambios; clasificación nomenclatural del arbitraje congelado, con estructura e invariantes actuales correctos."
"HC-083","6590","ácido 2-metilpropanoico","https://pubchem.ncbi.nlm.nih.gov/rest/pug/compound/smiles/CC(C)C(%3DO)O/property/IUPACName,MolecularFormula,CanonicalSMILES,IsomericSMILES/JSON","2-methylpropanoic acid","CC(C)C(=O)O","ácido 2-metilpropanoico","C4H8O2","C₄H₈O₂","CC(C)C(O)=O","PASS-STYLE","","Nombre sin cambios; clasificación nomenclatural del arbitraje congelado, con estructura e invariantes actuales correctos."
"HC-084","7413","ácido ciclohexanocarboxílico","https://pubchem.ncbi.nlm.nih.gov/rest/pug/compound/smiles/O%3DC(O)C1CCCCC1/property/IUPACName,MolecularFormula,CanonicalSMILES,IsomericSMILES/JSON","cyclohexanecarboxylic acid","C1CCC(CC1)C(=O)O","ácido ciclohexanocarboxílico","C7H12O2","C₇H₁₂O₂","OC(C1CCCCC1)=O","PASS-STYLE","","Nombre sin cambios; clasificación nomenclatural del arbitraje congelado, con estructura e invariantes actuales correctos."
"HC-085","264","ácido butanoico","https://pubchem.ncbi.nlm.nih.gov/rest/pug/compound/smiles/CCCC(%3DO)O/property/IUPACName,MolecularFormula,CanonicalSMILES,IsomericSMILES/JSON","butanoic acid","CCCC(=O)O","ácido butanoico","C4H8O2","C₄H₈O₂","CCCC(O)=O","PASS-STYLE","","Nombre sin cambios; clasificación nomenclatural del arbitraje congelado, con estructura e invariantes actuales correctos."
"HC-086","7991","ácido pentanoico","https://pubchem.ncbi.nlm.nih.gov/rest/pug/compound/smiles/CCCCC(%3DO)O/property/IUPACName,MolecularFormula,CanonicalSMILES,IsomericSMILES/JSON","pentanoic acid","CCCCC(=O)O","ácido pentanoico","C5H10O2","C₅H₁₀O₂","CCCCC(O)=O","PASS-STYLE","","Nombre sin cambios; clasificación nomenclatural del arbitraje congelado, con estructura e invariantes actuales correctos."
"HC-087","8254","metoximetano","https://pubchem.ncbi.nlm.nih.gov/rest/pug/compound/smiles/COC/property/IUPACName,MolecularFormula,CanonicalSMILES,IsomericSMILES/JSON","methoxymethane","COC","metoximetano","C2H6O","C₂H₆O","COC","PASS-STYLE","","Nombre sin cambios; clasificación nomenclatural del arbitraje congelado, con estructura e invariantes actuales correctos."
"HC-088","10903","metoxietano","https://pubchem.ncbi.nlm.nih.gov/rest/pug/compound/smiles/COCC/property/IUPACName,MolecularFormula,CanonicalSMILES,IsomericSMILES/JSON","methoxyethane","CCOC","metoxietano","C3H8O","C₃H₈O","CCOC","PASS-STYLE","","Nombre sin cambios; clasificación nomenclatural del arbitraje congelado, con estructura e invariantes actuales correctos."
"HC-089","3283","etoxietano","https://pubchem.ncbi.nlm.nih.gov/rest/pug/compound/smiles/CCOCC/property/IUPACName,MolecularFormula,CanonicalSMILES,IsomericSMILES/JSON","ethoxyethane","CCOCC","etoxietano","C4H10O","C₄H₁₀O","CCOCC","PASS-STYLE","","Nombre sin cambios; clasificación nomenclatural del arbitraje congelado, con estructura e invariantes actuales correctos."
"HC-090","11182","1-metoxipropano","https://pubchem.ncbi.nlm.nih.gov/rest/pug/compound/smiles/COCCC/property/IUPACName,MolecularFormula,CanonicalSMILES,IsomericSMILES/JSON","1-methoxypropane","CCCOC","1-metoxipropano","C4H10O","C₄H₁₀O","CCCOC","PASS-STYLE","","Nombre sin cambios; clasificación nomenclatural del arbitraje congelado, con estructura e invariantes actuales correctos."
"HC-091","11721","2-metoxipropano","https://pubchem.ncbi.nlm.nih.gov/rest/pug/compound/smiles/COC(C)C/property/IUPACName,MolecularFormula,CanonicalSMILES,IsomericSMILES/JSON","2-methoxypropane","CC(C)OC","2-metoxipropano","C4H10O","C₄H₁₀O","CC(C)OC","PASS-STYLE","","Nombre sin cambios; clasificación nomenclatural del arbitraje congelado, con estructura e invariantes actuales correctos."
"HC-092","12338","1-metoxibutano","https://pubchem.ncbi.nlm.nih.gov/rest/pug/compound/smiles/COCCCC/property/IUPACName,MolecularFormula,CanonicalSMILES,IsomericSMILES/JSON","1-methoxybutane","CCCCOC","1-metoxibutano","C5H12O","C₅H₁₂O","CCCCOC","PASS-STYLE","","Nombre sin cambios; clasificación nomenclatural del arbitraje congelado, con estructura e invariantes actuales correctos."
"HC-093","7865","metanoato de metilo","https://pubchem.ncbi.nlm.nih.gov/rest/pug/compound/smiles/COC%3DO/property/IUPACName,MolecularFormula,CanonicalSMILES,IsomericSMILES/JSON","methyl formate","COC=O","metanoato de metilo","C2H4O2","C₂H₄O₂","COC=O","PASS-ALTERNATIVE","","Nombre sin cambios; clasificación nomenclatural del arbitraje congelado, con estructura e invariantes actuales correctos."
"HC-094","6584","etanoato de metilo","https://pubchem.ncbi.nlm.nih.gov/rest/pug/compound/smiles/CC(%3DO)OC/property/IUPACName,MolecularFormula,CanonicalSMILES,IsomericSMILES/JSON","methyl acetate","CC(=O)OC","etanoato de metilo","C3H6O2","C₃H₆O₂","CC(OC)=O","PASS-ALTERNATIVE","","Nombre sin cambios; clasificación nomenclatural del arbitraje congelado, con estructura e invariantes actuales correctos."
"HC-095","8857","etanoato de etilo","https://pubchem.ncbi.nlm.nih.gov/rest/pug/compound/smiles/CC(%3DO)OCC/property/IUPACName,MolecularFormula,CanonicalSMILES,IsomericSMILES/JSON","ethyl acetate","CCOC(=O)C","etanoato de etilo","C4H8O2","C₄H₈O₂","CCOC(C)=O","PASS-ALTERNATIVE","","Nombre sin cambios; clasificación nomenclatural del arbitraje congelado, con estructura e invariantes actuales correctos."
"HC-096","11124","propanoato de metilo","https://pubchem.ncbi.nlm.nih.gov/rest/pug/compound/smiles/CCC(%3DO)OC/property/IUPACName,MolecularFormula,CanonicalSMILES,IsomericSMILES/JSON","methyl propanoate","CCC(=O)OC","propanoato de metilo","C4H8O2","C₄H₈O₂","CCC(OC)=O","PASS-STYLE","","Nombre sin cambios; clasificación nomenclatural del arbitraje congelado, con estructura e invariantes actuales correctos."
"HC-097","12180","butanoato de metilo","https://pubchem.ncbi.nlm.nih.gov/rest/pug/compound/smiles/CCCC(%3DO)OC/property/IUPACName,MolecularFormula,CanonicalSMILES,IsomericSMILES/JSON","methyl butanoate","CCCC(=O)OC","butanoato de metilo","C5H10O2","C₅H₁₀O₂","CCCC(OC)=O","PASS-STYLE","","Nombre sin cambios; clasificación nomenclatural del arbitraje congelado, con estructura e invariantes actuales correctos."
"HC-098","7749","propanoato de etilo","https://pubchem.ncbi.nlm.nih.gov/rest/pug/compound/smiles/CCC(%3DO)OCC/property/IUPACName,MolecularFormula,CanonicalSMILES,IsomericSMILES/JSON","ethyl propanoate","CCC(=O)OCC","propanoato de etilo","C5H10O2","C₅H₁₀O₂","CCC(OCC)=O","PASS-STYLE","","Nombre sin cambios; clasificación nomenclatural del arbitraje congelado, con estructura e invariantes actuales correctos."
"HC-099","6329","metanamina","https://pubchem.ncbi.nlm.nih.gov/rest/pug/compound/smiles/CN/property/IUPACName,MolecularFormula,CanonicalSMILES,IsomericSMILES/JSON","methanamine","CN","metanamina","CH5N","C₁H₅N","CN","PASS-STYLE","","Nombre sin cambios; clasificación nomenclatural del arbitraje congelado, con estructura e invariantes actuales correctos."
"HC-100","6341","etanamina","https://pubchem.ncbi.nlm.nih.gov/rest/pug/compound/smiles/CCN/property/IUPACName,MolecularFormula,CanonicalSMILES,IsomericSMILES/JSON","ethanamine","CCN","etanamina","C2H7N","C₂H₇N","CCN","PASS-STYLE","","Nombre sin cambios; clasificación nomenclatural del arbitraje congelado, con estructura e invariantes actuales correctos."
"HC-101","7852","propan-1-amina","https://pubchem.ncbi.nlm.nih.gov/rest/pug/compound/smiles/CCCN/property/IUPACName,MolecularFormula,CanonicalSMILES,IsomericSMILES/JSON","propan-1-amine","CCCN","propan-1-amina","C3H9N","C₃H₉N","CCCN","PASS-STYLE","","Nombre sin cambios; clasificación nomenclatural del arbitraje congelado, con estructura e invariantes actuales correctos."
"HC-102","6363","propan-2-amina","https://pubchem.ncbi.nlm.nih.gov/rest/pug/compound/smiles/CC(N)C/property/IUPACName,MolecularFormula,CanonicalSMILES,IsomericSMILES/JSON","propan-2-amine","CC(C)N","propan-2-amina","C3H9N","C₃H₉N","CC(C)N","PASS-STYLE","","Nombre sin cambios; clasificación nomenclatural del arbitraje congelado, con estructura e invariantes actuales correctos."
"HC-103","6385","2-metilpropan-2-amina","https://pubchem.ncbi.nlm.nih.gov/rest/pug/compound/smiles/CC(C)(C)N/property/IUPACName,MolecularFormula,CanonicalSMILES,IsomericSMILES/JSON","2-methylpropan-2-amine","CC(C)(C)N","2-metilpropan-2-amina","C4H11N","C₄H₁₁N","CC(C)(C)N","PASS-STYLE","","Nombre sin cambios; clasificación nomenclatural del arbitraje congelado, con estructura e invariantes actuales correctos."
"HC-104","1146","trimetilamina","https://pubchem.ncbi.nlm.nih.gov/rest/pug/compound/smiles/CN(C)C/property/IUPACName,MolecularFormula,CanonicalSMILES,IsomericSMILES/JSON","N,N-dimethylmethanamine","CN(C)C","N,N-dimetilmetanamina","C3H9N","C₃H₉N","CN(C)C","PASS-STYLE","","Nombre sin cambios; clasificación nomenclatural del arbitraje congelado, con estructura e invariantes actuales correctos."
"HC-105","8007","butan-1-amina","https://pubchem.ncbi.nlm.nih.gov/rest/pug/compound/smiles/CCCCN/property/IUPACName,MolecularFormula,CanonicalSMILES,IsomericSMILES/JSON","butan-1-amine","CCCCN","butan-1-amina","C4H11N","C₄H₁₁N","CCCCN","PASS-STYLE","","Nombre sin cambios; clasificación nomenclatural del arbitraje congelado, con estructura e invariantes actuales correctos."
"HC-106","713","metanamida","https://pubchem.ncbi.nlm.nih.gov/rest/pug/compound/smiles/C(%3DO)N/property/IUPACName,MolecularFormula,CanonicalSMILES,IsomericSMILES/JSON","formamide","C(=O)N","metanamida","CH3NO","C₁H₃NO","NC=O","PASS-ALTERNATIVE","","Nombre sin cambios; clasificación nomenclatural del arbitraje congelado, con estructura e invariantes actuales correctos."
"HC-107","178","etanamida","https://pubchem.ncbi.nlm.nih.gov/rest/pug/compound/smiles/CC(%3DO)N/property/IUPACName,MolecularFormula,CanonicalSMILES,IsomericSMILES/JSON","acetamide","CC(=O)N","etanamida","C2H5NO","C₂H₅NO","CC(N)=O","PASS-ALTERNATIVE","","Nombre sin cambios; clasificación nomenclatural del arbitraje congelado, con estructura e invariantes actuales correctos."
"HC-108","6578","propanamida","https://pubchem.ncbi.nlm.nih.gov/rest/pug/compound/smiles/CCC(%3DO)N/property/IUPACName,MolecularFormula,CanonicalSMILES,IsomericSMILES/JSON","propanamide","CCC(=O)N","propanamida","C3H7NO","C₃H₇NO","CCC(N)=O","PASS-STYLE","","Nombre sin cambios; clasificación nomenclatural del arbitraje congelado, con estructura e invariantes actuales correctos."
"HC-109","10927","butanamida","https://pubchem.ncbi.nlm.nih.gov/rest/pug/compound/smiles/CCCC(%3DO)N/property/IUPACName,MolecularFormula,CanonicalSMILES,IsomericSMILES/JSON","butanamide","CCCC(=O)N","butanamida","C4H9NO","C₄H₉NO","CCCC(N)=O","PASS-STYLE","","Nombre sin cambios; clasificación nomenclatural del arbitraje congelado, con estructura e invariantes actuales correctos."
"HC-110","12298","pentanamida","https://pubchem.ncbi.nlm.nih.gov/rest/pug/compound/smiles/CCCCC(%3DO)N/property/IUPACName,MolecularFormula,CanonicalSMILES,IsomericSMILES/JSON","pentanamide","CCCCC(=O)N","pentanamida","C5H11NO","C₅H₁₁NO","CCCCC(N)=O","PASS-STYLE","","Nombre sin cambios; clasificación nomenclatural del arbitraje congelado, con estructura e invariantes actuales correctos."
"HC-111","68424","2-metilpropanamida","https://pubchem.ncbi.nlm.nih.gov/rest/pug/compound/smiles/CC(C)C(%3DO)N/property/IUPACName,MolecularFormula,CanonicalSMILES,IsomericSMILES/JSON","2-methylpropanamide","CC(C)C(=O)N","2-metilpropanamida","C4H9NO","C₄H₉NO","CC(C)C(N)=O","PASS-STYLE","","Nombre sin cambios; clasificación nomenclatural del arbitraje congelado, con estructura e invariantes actuales correctos."
"HC-112","6327","clorometano","https://pubchem.ncbi.nlm.nih.gov/rest/pug/compound/smiles/CCl/property/IUPACName,MolecularFormula,CanonicalSMILES,IsomericSMILES/JSON","chloromethane","CCl","clorometano","CH3Cl","C₁H₃Cl","CCl","PASS","","Nombre sin cambios; clasificación nomenclatural del arbitraje congelado, con estructura e invariantes actuales correctos."
"HC-113","10899","1-cloropropano","https://pubchem.ncbi.nlm.nih.gov/rest/pug/compound/smiles/CCCCl/property/IUPACName,MolecularFormula,CanonicalSMILES,IsomericSMILES/JSON","1-chloropropane","CCCCl","1-cloropropano","C3H7Cl","C₃H₇Cl","CCCCl","PASS-STYLE","","Nombre sin cambios; clasificación nomenclatural del arbitraje congelado, con estructura e invariantes actuales correctos."
"HC-114","6361","2-cloropropano","https://pubchem.ncbi.nlm.nih.gov/rest/pug/compound/smiles/CC(Cl)C/property/IUPACName,MolecularFormula,CanonicalSMILES,IsomericSMILES/JSON","2-chloropropane","CC(C)Cl","2-cloropropano","C3H7Cl","C₃H₇Cl","CC(C)Cl","PASS-STYLE","","Nombre sin cambios; clasificación nomenclatural del arbitraje congelado, con estructura e invariantes actuales correctos."
"HC-115","6555","1-bromo-2-metilpropano","https://pubchem.ncbi.nlm.nih.gov/rest/pug/compound/smiles/CC(C)CBr/property/IUPACName,MolecularFormula,CanonicalSMILES,IsomericSMILES/JSON","1-bromo-2-methylpropane","CC(C)CBr","1-bromo-2-metilpropano","C4H9Br","C₄H₉Br","CC(C)CBr","PASS-STYLE","","Nombre sin cambios; clasificación nomenclatural del arbitraje congelado, con estructura e invariantes actuales correctos."
"HC-116","11","1,2-dicloroetano","https://pubchem.ncbi.nlm.nih.gov/rest/pug/compound/smiles/ClCCCl/property/IUPACName,MolecularFormula,CanonicalSMILES,IsomericSMILES/JSON","1,2-dichloroethane","C(CCl)Cl","1,2-dicloroetano","C2H4Cl2","C₂H₄Cl₂","ClCCCl","PASS","","Nombre sin cambios; clasificación nomenclatural del arbitraje congelado, con estructura e invariantes actuales correctos."
"HC-117","62695","(E)-but-2-eno","https://pubchem.ncbi.nlm.nih.gov/compound/62695","(E)-but-2-ene","C/C=C/C","(2E)-but-2-eno","C4H8","C₄H₈","C/C=C/C","PASS-STYLE","","Nombre corregido: localizador o descriptor E/Z explícito coincide con la identidad congelada; estructura e invariantes coinciden."
"HC-118","5287573","(Z)-but-2-eno","https://pubchem.ncbi.nlm.nih.gov/compound/5287573","(Z)-but-2-ene","C/C=C\C","(2Z)-but-2-eno","C4H8","C₄H₈","C/C=C\C","PASS-STYLE","","Nombre corregido: localizador o descriptor E/Z explícito coincide con la identidad congelada; estructura e invariantes coinciden."
"HC-119","638066","(E)-hex-3-eno","https://pubchem.ncbi.nlm.nih.gov/compound/638066","(E)-hex-3-ene","CC/C=C/CC","(3E)-hex-3-eno","C6H12","C₆H₁₂","CC/C=C/CC","PASS-STYLE","","Nombre corregido: localizador o descriptor E/Z explícito coincide con la identidad congelada; estructura e invariantes coinciden."
"HC-120","643783","(Z)-hex-3-eno","https://pubchem.ncbi.nlm.nih.gov/compound/643783","(Z)-hex-3-ene","CC/C=C\CC","(3Z)-hex-3-eno","C6H12","C₆H₁₂","CC/C=C\CC","PASS-STYLE","","Nombre corregido: localizador o descriptor E/Z explícito coincide con la identidad congelada; estructura e invariantes coinciden."
"HC-121","7044","decalina (bicyclo[4.4.0]decane)","https://pubchem.ncbi.nlm.nih.gov/compound/7044","1,2,3,4,4a,5,6,7,8,8a-decahydronaphthalene","C1CCC2CCCCC2C1","biciclo[4.4.0]decano","C10H18","C₁₀H₁₈","C(CC1)CC2C1CCCC2","PASS-ALTERNATIVE","","Nombre sin cambios; clasificación nomenclatural del arbitraje congelado, con estructura e invariantes actuales correctos."
"HC-122","10325","perhidroindano","https://pubchem.ncbi.nlm.nih.gov/compound/10325","2,3,3a,4,5,6,7,7a-octahydro-1H-indene","C1CCC2CCCC2C1","biciclo[4.3.0]nonano","C9H16","C₉H₁₆","C(C1)CC2C1CCCC2","PASS-ALTERNATIVE","","Nombre sin cambios; clasificación nomenclatural del arbitraje congelado, con estructura e invariantes actuales correctos."
